i,segment_i,A_i,pair_count,cumulative_score,conservation,X_class,,"UMDs not coupled: Q352, A433"
397,A,A,7,16.149,0.305,UMD,,
415,A,K,6,15.312,0.389,,,
404,A,Y,4,14.845,0.361,,,
364,A,D,2,13.284,0.463,,,
402,A,L,7,11.513,0.121,,,
372,A,K,5,11.404,0.32,,,
417,A,Q,8,10.979,0.238,,,
405,A,T,6,10.596,0.272,,,
390,A,V,5,10.536,0.471,,,
294,A,Q,3,10.522,0.665,,,
416,A,F,5,10.509,0.449,,,
309,A,D,4,10.087,0.225,,,
394,A,Q,7,9.984,0.476,,,
398,A,N,5,9.413,0.165,,,
376,A,L,3,9.382,0.608,,,
377,A,F,5,9.284,0.421,,,
285,A,V,5,8.948,0.281,,,
408,A,H,6,8.67,0.174,,,
281,A,R,4,8.225,0.547,CMD,,
280,A,A,3,8.194,0.532,,,
308,A,F,4,8.17,0.515,,,
373,A,F,3,7.551,0.537,,,
391,A,K,5,7.328,0.314,,,
375,A,I,3,7.181,0.36,,,
302,A,W,6,7.152,0.342,,,
367,A,E,3,7.127,0.729,,,
385,A,N,2,7.043,0.178,,,
330,A,E,4,7.032,0.08,,,
381,A,L,4,6.78,0.22,,,
418,A,Q,4,6.716,0.31,,,
393,A,A,3,6.684,0.33,,,
286,A,F,2,6.599,0.787,CMD,,
305,A,L,3,6.553,0.377,CMD,,
399,A,A,6,6.523,0.082,,,
384,A,L,2,6.429,0.556,,,
409,A,Y,2,6.368,0.202,,,
368,A,F,4,6.171,0.356,,,
395,A,E,5,5.631,0.262,,,
412,A,C,4,5.379,0.137,,,
374,A,I,2,5.308,0.453,,,
370,A,C,3,5.113,0.461,,,
277,A,V,3,5.093,0.477,,,
419,A,L,2,5.024,0.59,,,
304,A,E,3,4.884,0.437,,,
303,A,S,2,4.847,0.152,UMD,,
312,A,Y,3,4.73,0.137,,,
363,A,L,2,4.667,0.414,,,
424,A,V,3,4.631,0.336,,,
386,A,N,3,4.345,0.261,,,
297,A,L,2,4.334,0.794,,,
290,A,E,2,4.309,0.212,,,
379,A,L,2,4.268,0.289,,,
310,A,H,3,4.251,0.189,UMD,,
425,A,E,4,4.202,0.203,,,
292,A,A,1,4.107,0.235,,,
406,A,L,4,4.105,0.108,,,
296,A,T,2,4.08,0.196,,,
298,A,L,2,4.048,0.642,CMD,,
371,A,L,2,4.005,0.587,,,
422,A,C,3,3.905,0.273,,,
427,A,R,3,3.9,0.465,,,
295,A,M,3,3.854,0.296,,,
392,A,D,3,3.833,0.142,,,
335,A,T,3,3.815,0.117,,,
389,A,L,2,3.74,0.114,,,
279,A,W,2,3.708,0.591,CMD,,
271,A,Q,2,3.634,0.167,,,
401,A,L,3,3.543,0.761,CMD,,
324,A,L,1,3.407,0.224,,,
264,A,L,2,3.21,0.177,,,
293,A,D,1,3.154,0.724,,,
321,A,G,2,3.099,0.223,,,
276,A,I,1,2.988,0.275,,,
333,A,L,2,2.932,0.184,,,
301,A,C,1,2.919,0.273,UMD,,
288,A,E,1,2.806,0.2,,,
331,A,V,2,2.788,0.227,,,
322,A,S,2,2.78,0.109,,,
283,A,C,1,2.685,0.464,,,
366,A,Q,1,2.676,0.187,,,
421,A,L,3,2.652,0.244,,,
357,A,Q,2,2.592,0.221,,,
323,A,I,2,2.544,0.34,UMD,,
378,A,S,2,2.355,0.323,,,
420,A,L,2,2.353,0.526,,,
336,A,V,2,2.316,0.139,,,
315,A,V,2,2.278,0.125,,,
311,A,I,2,2.231,0.32,UMD,,
274,A,I,2,2.199,0.187,,,
396,A,K,1,2.199,0.138,,,
365,A,R,2,2.093,0.154,,,
414,A,D,2,2.058,0.086,,,
423,A,L,1,2.049,0.505,,,
383,A,F,2,2.039,0.323,,,
287,A,K,2,2.008,0.107,,,
332,A,E,2,1.964,0.137,,,
380,A,D,2,1.84,0.417,,,
344,A,L,1,1.785,0.146,,,
350,A,R,1,1.785,0.096,,,
273,A,F,1,1.774,0.464,CMD,,
369,A,V,2,1.772,0.347,,,
270,A,D,2,1.744,0.23,,,
388,A,I,2,1.702,0.125,,,
400,A,A,1,1.584,0.289,,,
289,A,L,1,1.57,0.78,,,
356,A,L,1,1.496,0.12,,,
327,A,T,1,1.486,0.155,,,
334,A,T,1,1.486,0.141,,,
329,A,Q,1,1.473,0.144,,,
278,A,D,1,1.333,0.29,,,
349,A,L,1,1.329,0.154,,,
430,A,S,1,1.325,0.257,,,
355,A,V,1,1.307,0.221,,,
403,A,D,1,1.217,0.118,,,
267,A,R,1,1.201,0.246,,,
359,A,L,1,1.177,0.145,,,
339,A,Q,1,1.166,0.127,,,
337,A,A,1,1.164,0.109,,,
325,A,L,1,1.143,0.279,,,
428,A,A,1,1.111,0.175,,,
306,A,L,1,1.101,0.317,,,
348,A,V,1,1.091,0.202,,,
413,A,G,1,1.049,0.189,,,
266,A,C,1,0.998,0.27,,,
291,A,V,1,0.996,0.168,,,
411,A,H,1,0.963,0.178,,,
275,A,S,1,0.919,0.094,,,
282,A,R,1,0.919,0.155,,,
300,A,N,1,0.908,0.198,,,
354,A,L,1,0.86,0.4,,,
272,A,T,1,0.798,0.145,UMD,,
326,A,V,1,0.798,0.177,UMD,,
328,A,G,1,0.798,0.365,,,